"Temperatura","pH","Oxígeno disuelto","Conductividad","Turbiedad","Alcalinidad total","Cloruros totales","Dureza total","Fluoruros","Nitrógeno de nitratos","Nitrógeno de nitritos","Nitrógeno amoniacal","Nitrógeno total Kjeldahl","Sulfatos","SAAM","DBO Turbiedad","DQO","Grasas y aceites","Fósforo total","SST","Sólidos disueltos tot.","Sólidos sedimentables","Sulfuros","Aluminio","Arsénico","Bario","Cadmio","Cobre","Cromo","Fierro","Manganeso","Mercurio","Níquel","Plomo","Sodio","Zinc","Coliformes totales","Coliformes fecales","Temp. ambiente","Acidez total","Dureza de calcio","Sólidos totales","Nitrógeno total","fecha","año","mes","est"
19,7.6,6.77,543,7.3,215.99,23.95,106.49,0.91,0.28,0.138,13.98,14.97,29.4,1.35,6.57,35.92,5.52,2.48,13,300,0.1,0.78,0.655,0.0025,0.105,5e-04,0.05,0.05,0.957,0.189,78000,0.1,0.0025,36.6,0.02,1100000,460000,26,14.72,65.99,313,15.39,2020-03-25,"2020","3","RZ-05"
19,7.9,7.3,424,14,140.27,17.44,125.58,0.27,13.71,0.395,0.5,1.05,15.16,0.26,3.42,18,6.7,0.85,15,293,0.1,0.1,1,0.0025,670,78000,0.05,0.05,1.03,0.125,76000,0.1,0.0025,24,0.02,46000,46000,30,5.7,140.27,308,15.16,2020-03-25,"2020","3","RZ-04"
21,7.8,7.05,575,11,220.76,37.76,142.9,0.28,0.3,560,6,7.4,10.57,0.39,5.39,29.03,5.14,1.29,17,333,0.1,0.1,0.538,0.0025,0.101,50000,0.05,0.05,0.909,0.371,67000,0.1,2500,40.3,210,15000,9300,31,8.56,86.68,350,7.76,2020-03-25,"2020","3","RZ-03"
27,6.7,0.39,1067,150,406.41,68.55,685,1.37,0.19,0.01,6.17,9.43,92.26,2.57,36.84,80.2,8.36,2.32,305,680,3,2.92,13.85,0.0025,0.197,57000,0.05,0.05,8.121,0.253,5e-04,0.1,7300,116,560,1.1e+07,4600000,30,22.08,184.79,985,9.62,2020-03-25,"2020","3","RL-02"
25,8,5.17,927,40,346.93,57.14,275.77,1,0.22,0.01,0.5,1.46,100.24,0.1,1.83,31,5.14,0.63,41,622,0.1,0.45,3.61,0.0025,0.203,5e-04,0.05,0.05,2.158,0.05,5e-04,0.1,0.0025,92.9,260,110000,46000,26,2,135.14,663,1.68,2020-03-25,"2020","3","CS-01"
16,7.8,5.49,630,5.2,257,27.96,113.23,0.35,0.29,0.102,19.04,20.5,37.5,1.22,9.99,43.79,9.9,3.74,9,337,0.1,0.37,1.425,3800,0.223,5e-04,0.05,0.05,1.131,0.431,5e-04,0.1,5100,47.9,250,1200000,1200000,23,12.6,72.1,346,20.89,2020-04-07,"2020","4","RZ-05"
17,8,7.01,456,7.8,150.83,20.41,132.53,0.35,8.55,860,0.5,1.05,24.52,0.18,2.82,22.63,7.22,1.59,11,321,0.1,0.53,1.165,3800,0.128,5e-04,0.05,0.05,0.72,510,5e-04,0.1,3000,32.4,0.02,46000,46000,23,12.41,83.92,332,9.69,2020-04-07,"2020","4","RZ-04"
18,7.7,7.26,581,7.5,249.49,7.53,145.33,0.36,0.19,0.103,4.08,6.17,10,0.19,3.8,28.04,9.53,1.62,7,357,0.1,0.31,1.215,0.0025,0.161,5e-04,0.05,0.05,0.744,0.696,5e-04,0.1,4100,50.4,0.02,930,930,27,12.22,96.33,357,6.46,2020-04-07,"2020","4","RZ-03"
20,7.4,5.12,989,31.5,390.17,87.98,223.5,1.61,0.27,150,0.5,8.39,56.56,0.12,17.01,103.32,18.17,1.7,124,654,6.5,0.94,4.69,3800,0.212,57000,0.05,0.05,2.435,0.172,5e-04,0.1,8600,115.5,250,46000,46000,33,23.31,136.13,778,8.68,2020-04-07,"2020","4","RZ-02"
25,7.4,0.81,1089,17,427.92,70.72,199.09,1,0.11,0.01,6.93,8.85,97.05,2.42,15.36,61.5,7.01,1.82,15,678,0.1,6.05,1.515,7400,0.247,53000,0.05,0.05,0.427,0.128,5e-04,0.1,8300,128.5,250,1500000,930000,31,37.04,135.54,693,8.96,2020-04-07,"2020","4","RL-02"
23,7.7,2.07,963,11,352.41,58.32,231.97,1.15,0.34,0.01,0.5,1.11,102.02,0.1,2.86,39.36,12.11,0.68,20,628,0.5,0.27,1.61,0.0025,0.316,5e-04,0.05,0.05,0.512,0.115,57000,0.1,5700,99.3,0.02,430,230,33,10.34,132.78,648,1.45,2020-04-07,"2020","4","RL-01"
25,8.8,6.97,933,40,361.34,58.13,267.81,1.2,0.17,0.01,0.5,1.11,101.54,0.1,2.22,27.55,6.31,0.55,40,635,0.1,0.1,4.9,6300,0.36,2830,0.05,0.05,2.523,610,5e-04,0.1,123,99,220,4600,4600,33,2,133.57,675,1.28,2020-04-07,"2020","4","CS-01"
18,7.7,4,658,11,261.67,28.9,102.59,0.44,0.42,0.01,21.63,25.32,42.38,3.53,23.58,77.74,5.14,3.06,17,349,0.2,0.21,1.06,0.0025,0.161,5e-04,0.05,0.05,1.041,0.337,5e-04,0.1,0.0025,44.3,220,4.6e+07,4.6e+07,24,12.13,67.57,366,25.75,2020-05-06,"2020","5","RZ-05"
19,6.7,6.88,526,8.35,169.3,23.95,131.54,0.3,14.91,0.293,5.36,7.9,26.12,0.32,6.03,35.92,5.14,2.81,13,342,0.1,0.1,1.845,0.0025,860,5e-04,0.05,0.05,0.828,670,5e-04,0.1,0.0025,35.2,250,110000,24000,26,8.84,85.69,355,23.1,2020-05-06,"2020","5","RZ-04"
23,6.6,2,564,7.6,213.35,37.39,139.62,0.38,0.33,220,4.04,7.96,26.51,0.57,9.39,43.79,5.14,2.08,15,345,0.1,0.1,1.36,0.0025,0.14,5e-04,0.05,0.05,0.817,5.63,5e-04,0.1,0.0025,44.3,290,7500000,4300000,26,11.19,83.33,360,8.31,2020-05-06,"2020","5","RZ-03"
22,6.8,4.69,1019,4,380.62,61.86,235.96,1.19,0.1,0.01,0.5,0.98,104.66,0.1,1.57,25.09,5.14,0.73,10,651,0.1,1.34,0.76,170,0.163,2010,0.05,0.05,0.214,0.115,76000,0.1,9100,107.5,240,15000,15000,28,12.58,136.42,661,0.98,2020-05-11,"2020","5","RL-01"
25,7.7,5.58,983,29,528.61,59.26,248.31,1.34,0.1,0.01,0.5,0.98,106.31,0.1,1.3,29.03,5.14,0.62,30,658,0.1,0.1,2.46,169,0.127,65000,0.05,0.05,1.639,0.05,95000,0.1,9800,104.7,410,11000,11000,30,42.18,135.24,688,0.98,2020-05-11,"2020","5","CS-01"
19,7.6,6.51,605,5.3,235.48,27.49,105.34,0.27,0.1,0.01,18.57,20.91,41.89,1.27,24,54.61,5.97,3.63,9,314,0.1,0.1,0.72,0.0025,0.114,5e-04,0.05,0.05,0.887,0.342,77000,0.1,5200,41.2,0.02,1500000,1500000,30,16.56,68.44,323,20.92,2020-06-03,"2020","6","RZ-05"
20,7.7,6.75,417,3.5,124.64,18.43,119.8,0.27,15.95,190,0.5,0.5,24.7,0.12,7.11,18,5.14,1.85,12,293,0.1,0.1,2.04,0.0025,0.169,5e-04,0.05,0.05,0.604,510,68000,0.1,0.0025,28.1,0.02,1500,1500,33,4.44,67.86,305,15.97,2020-06-03,"2020","6","RZ-04"
24,7.7,6.58,540,3.8,221.57,26.69,150.49,0.52,0.58,0.131,2.7,3.29,25.06,0.1,8.5,18,5.14,1.37,7,329,0.1,0.1,0.9335,0.0025,0.164,5e-04,0.05,0.05,0.525,0.253,84000,0.1,0.0025,40.6,0.02,46000,46000,37,7.49,96.13,329,4,2020-06-03,"2020","6","RZ-03"
20,7.2,5.5,771,31,252.73,75.11,158.89,0.58,0.62,0.02,0.5,6.47,21.35,0.1,58.68,95.94,12.83,2.21,194,469,0.1,0.26,0.805,3700,0.234,5e-04,0.05,0.05,7.078,1.723,77000,0.1,0.0025,81.8,440,460000,460000,37,22.29,120.51,663,7.11,2020-06-03,"2020","6","RZ-02"
23,6.8,5.01,1070,2.9,390.77,65.89,253.68,1.07,0.14,0.01,0.5,0.9,108.22,0.1,1.7,34.93,5.14,0.6,17,703,0.1,1.64,0.83,0.0025,0.217,2350,0.05,0.05,0.48,0.105,5e-04,0.1,8100,116.1,0.02,11000,11000,30,16.46,167.5,720,1.04,2020-06-08,"2020","6","RL-01"
27,7.8,5.73,1001,27,370.68,61.53,253.88,1.07,0.18,0.01,0.5,0.96,104.53,0.1,3.96,32.47,6.5,0.48,39,670,0.1,1.94,1.935,0.0025,0.19,5930,0.05,0.05,2.261,510,5e-04,0.1,124,103.8,270,24000,24000,31,2,84.24,709,1.14,2020-06-08,"2020","6","CS-01"
18,7.2,6.79,172,700,100.04,9.85,38.61,0.68,0.5,180,0.5,3.11,10,0.27,22.5,97.71,5.14,0.81,563,267,0.7,0.1,13.4614,2800,0.2904,3100,0.05,0.05,25.961,0.716,5e-04,0.1,271,10,560,4600000,4e+06,23,11.05,38.61,830,3.63,2020-07-30,"2020","7","RZ-05"
19,7.5,6.91,147,1500,104.55,10.56,71.69,0.64,5.38,0.03,0.52,6.29,10,0.1,21.36,111.1,5.2,1.01,1709,355,1,0.1,18.285,6800,0.7532,3360,0.05,610,66.032,1.264,5e-04,0.1,537,10,0.129,2400000,2400000,26,9.57,49.2,2064,11.7,2020-07-30,"2020","7","RZ-04"
19,7.3,5.63,169,1100,91.22,9.38,84.06,1.36,5.66,0.204,0.52,5.94,10,0.1,15.87,101.18,6.1,1.21,1400,360,1,0.1,9.5644,6100,0.4738,3420,0.05,0.05,58.611,1.306,5e-04,0.1,454,10,0.121,460000,240000,27,10.09,45.67,1760,11.8,2020-07-30,"2020","7","RZ-03"
22,7.2,3.1,324,390,126.07,20.56,97.41,0.6,5.55,0.193,2.25,5.59,22.72,0.16,8.76,48.11,5.14,1.32,362,316,0.1,0.1,9.5007,0.0025,0.2567,1880,0.05,0.05,23.74,0.367,5e-04,0.1,165,14.4,390,110000,110000,33,10.44,55.66,678,11.33,2020-07-30,"2020","7","RZ-02"
24,7.3,6.18,401,27,144.22,21.88,102.32,1.65,0.21,570,1.15,3.86,40.2,0.1,5.42,34.22,5.14,1.46,32,287,0.2,0.1,6.2784,4700,0.1922,1770,0.05,0.05,1.502,0.221,5e-04,0.1,112,30.3,0.02,2400000,2400000,27,10.7,62.33,319,4.13,2020-07-31,"2020","7","RL-01"
22,7.1,2.7,326,270,120.54,21.12,94.86,0.49,2.9,0.228,2.19,5.25,68.91,0.1,7.59,52.08,5.14,1.07,390,202,0.5,0.43,9.3962,3200,0.262,1770,0.05,0.05,14.465,0.312,5e-04,0.1,216,16.8,0.03,24000,24000,27,11.14,56.25,592,8.38,2020-07-31,"2020","7","CS-01"
19,6.7,7.46,226,350,82.41,12.87,80.72,0.35,5.82,0.194,0.92,2.42,16.69,0.28,8.46,57.54,5.14,0.46,273,223,0.3,0.1,10.41,0.0025,0.243,5e-04,0.05,0.05,21.516,0.323,5e-04,0.1,7500,10,590,1500000,750000,26,18.27,58.41,496,8.43,2020-08-04,"2020","8","RZ-05"
19,6.7,7.42,201,550,69.7,13.2,77.77,0.41,7.87,0.177,0.63,2.36,13.19,0.14,4.56,41.17,5.14,0.68,390,364,0.2,0.1,11.1,2500,0.247,5e-04,0.05,0.05,35.37,0.462,97000,0.1,139,10,610,75000,43000,30,18.7,52.72,754,10.41,2020-08-04,"2020","8","RZ-04"
20,6.4,7.17,206,700,73.8,9.66,90.93,0.52,6.69,0.126,0.5,2.94,10,0.1,6.39,58.53,5.14,0.34,825,199,0.4,0.1,22.76,5900,0.422,5e-04,0.05,0.05,46.836,0.669,80000,0.1,152,10,880,24000,24000,30,20.44,52.33,1024,9.76,2020-08-04,"2020","8","RZ-03"
22,6.1,5.42,229,850,81.49,12.35,99.97,0.48,3.93,0.228,1.09,2.83,10,0.1,4.68,42.16,5.64,0.85,223,453,0.1,0.1,11.7,2800,0.298,5e-04,0.05,0.05,12.428,0.271,5e-04,0.1,134,10,700,240000,240000,30,19.75,56.64,676,6.99,2020-08-04,"2020","8","RZ-02"
24,6.4,5.62,348,500,104.86,18.2,111.36,0.74,5.31,0.146,1.44,5.02,55.33,0.1,13.56,77.38,5.55,1.47,779,365,0.4,0.1,19.34,0.0025,0.645,62000,0.05,0.05,13.065,0.646,67000,0.1,117,19,0.115,110000,110000,31,12.96,80.16,1144,10.48,2020-08-05,"2020","8","RL-01"
22,6.2,4.21,270,400,89.99,15.65,85.43,0.5,3.07,0.249,1.96,3.17,10,0.14,3.72,42.16,5.6,0.94,176,419,0.1,0.1,10.1,0.0025,0.346,5e-04,0.05,0.05,9.88,0.237,5e-04,0.1,202,10,700,240000,240000,31,11.74,59.78,595,6.49,2020-08-05,"2020","8","CS-01"
20,6.9,6.86,388,19,118.63,16.47,88.73,0.3,2.53,0.213,4,5.76,14.9,0.19,8.91,33.5,5.14,0.61,29,213,0.1,0.1,1.57,0.0025,0.268,62000,0.05,0.05,2.397,0.12,5e-04,0.1,3700,11,230,4600,4600,23,9.43,54.77,242,8.5,2020-09-01,"2020","9","RZ-05"
19,7.1,7.38,319,22,98.63,13.1,91.89,0.43,6.07,0.1,0.5,1.18,10,0.1,3.98,30,5.14,0.45,83,195,0.2,0.1,2.15,0.0025,0.218,85000,0.05,0.05,3.863,0.133,5e-04,0.1,4400,10,220,15000,15000,27,6.75,54.37,278,7.35,2020-09-01,"2020","9","RZ-04"
21,6.7,5.84,380,60,125.26,12.96,108.84,0.4,1.08,0.184,0.5,1.7,10.9,0.23,6.82,32.5,8.99,0.55,89,243,0.2,0.1,2.87,0.0025,0.145,93000,0.05,0.05,5.022,0.183,5e-04,0.1,6300,12.4,220,150000,150000,27,10.81,62.05,332,2.96,2020-09-01,"2020","9","RZ-03"
22,6.4,6.71,505,360,92.31,20.73,104.31,1,8.55,0.175,0.7,3.76,90.38,0.1,13.44,69.5,5.14,1.18,635,343,0.3,0.1,17.6,5600,0.39,2000,0.05,0.05,16.233,0.424,5e-04,0.1,191,31.3,920,210000,14000,19,13.41,65.01,978,12.49,2020-09-02,"2020","9","RL-02"
23,6.3,6.37,462,320,91.6,20.03,101.35,0.74,8.16,290,0.5,2.94,11.13,0.1,12.33,69,5.14,1.19,495,442,0.3,0.1,18.24,4000,0.384,1470,0.05,0.05,18.266,0.458,5e-04,0.1,180,27.7,960,1.1e+07,1.1e+07,22,13.75,62.65,937,11.13,2020-09-02,"2020","9","RL-01"
25,6.6,0.93,1003,50,283.97,27.51,195.01,0.45,2.58,0.01,13.23,19.34,126.1,10.35,119.7,192.08,10.96,2.91,133,513,0.1,7.25,3.96,0.0025,0.146,2070,0.05,0.05,3.879,0.196,5e-04,0.1,164,59,620,1.1e+07,1.1e+07,23,27.07,111.7,646,21.92,2020-09-02,"2020","9","CS-01"
16,7,6.94,536,11,215.25,26.01,132.75,0.37,0.3,0.112,11.53,16.15,29.29,0.78,31.2,73.9,11.32,2.64,15,301,0.1,0.12,0.795,0.0025,0.16,5e-04,0.103,0.05,1.553,0.312,5e-04,0.1,104,33.5,0.02,2100000,2100000,23,19.5,65.46,316,16.56,2020-10-09,"2020","10","RZ-05"
16,7.2,8.03,341,5.25,124.64,15.93,114.85,0.27,8.67,360,0.94,1.93,10,0.11,3.41,18,5.14,0.57,19,210,0.1,0.1,1.315,0.0025,0.101,57000,0.05,0.05,0.861,0.05,5e-04,0.1,8200,14.4,0.02,750,750,28,5.85,60.56,229,10.64,2020-10-09,"2020","10","RZ-04"
18,6.7,5.42,399,14,153.54,16.67,122.52,0.3,6.05,0.31,1.58,2.46,23.45,0.46,6.03,23.81,5.14,0.74,22,252,0.1,0.1,2.44,0.0025,690,56000,0.05,0.05,1.342,0.135,5e-04,0.1,203,18.7,0.02,150000,93000,26,8.42,72.13,274,8.82,2020-10-09,"2020","10","RZ-03"
20,6.8,5.63,455,14,176.81,22.38,127.04,0.38,3.84,0.212,4.74,5.27,17.62,0.16,4.14,24.3,5.14,1.43,21,276,0.1,0.1,1.97,0.0025,0.1,58000,0.05,0.05,1.188,0.309,5e-04,0.1,102,22,0.02,4600,4600,31,10.45,72.52,297,9.32,2020-10-09,"2020","10","RZ-02"
23,7,6.66,529,65,164.1,29.91,130.78,0.7,5.13,0.214,1.05,3.39,80,0.11,4.07,22.78,5.14,1.34,73,398,0.1,0.1,5.68,4300,0.184,55000,0.05,0.05,4.531,0.392,5e-04,0.1,111,41.3,0.02,46000,15000,27,13.18,92.71,471,8.73,2020-10-13,"2020","10","RL-02"
25,7,6.9,303,140,113.57,12.17,92.23,0.44,2.12,0.01,0.99,2.98,42.09,0.1,7.56,38.69,5.14,1.04,113,304,0.1,0.12,19.5,0.0025,0.17,5e-04,0.05,0.05,7.378,0.189,5e-04,0.1,8000,17.7,0.04,4600,430,29,8.19,53.31,417,5.1,2020-10-13,"2020","10","RL-01"
25,8.1,6.71,942,38,344.35,60.42,218.29,1.35,0.1,0.01,0.5,3.04,101.57,0.1,5.26,47.12,8.99,0.48,55,596,0.1,0.63,3.27,179,0.23,80000,0.05,0.05,2.054,650,5e-04,0.1,143,91.6,0.02,24000,4300,31,2,119.36,651,3.04,2020-10-13,"2020","10","CS-01"
14,7,5.3,687,5.1,285.04,31.16,141.64,0.44,0.1,0.01,19.93,24.34,35.05,3.57,12,48.61,5.14,3.24,23,349,0.1,0.31,1.07,0.0025,0.148,59000,0.05,0.05,0.82,0.301,5e-04,0.1,5900,41.6,0.02,460000,240000,23,25.65,69.54,372,24.44,2020-11-20,"2020","11","RZ-05"
15,7.1,7.7,419,5.1,141.57,19.74,147.54,0.33,11.53,0.114,0.82,1.12,22.57,0.25,1.94,56.54,5.14,1.61,22,303,0.1,0.1,1.635,0.0025,980,68000,0.05,0.05,0.491,0.05,5e-04,0.1,5600,24.2,0.02,46000,240000,23,12.82,70.53,325,12.76,2020-11-20,"2020","11","RZ-04"
17,6.8,5.8,460,6.8,174.73,19.69,138.29,0.39,5.3,0.01,0.88,2.82,21.8,0.23,3.26,18,5.14,1.2,25,309,0.1,0.1,1.535,0.0025,980,81000,0.05,0.05,0.705,840,5e-04,0.1,5500,26.3,0.02,46000,46000,24,12.14,82.74,334,8.12,2020-11-20,"2020","11","RZ-03"
19,7.5,3.77,846,12,285.04,45.23,178.23,2.59,0.72,0.01,2.47,3.41,101.03,0.12,6.11,22.14,5.82,1.99,25,529,0.1,0.31,2.42,0.0025,0.187,97000,0.05,0.05,0.857,0.17,5e-04,0.1,103,84.4,0.02,110000,110000,20,18.04,115.25,554,4.13,2020-11-19,"2020","11","RL-02"
20,7,6.72,427,37,168,19.55,116.06,0.57,0.37,0.01,0.76,1.58,37.9,0.1,3.74,19.19,15.23,0.64,52,295,0.1,0.1,4.86,0.0025,0.165,72000,0.05,0.05,2.863,0.113,5e-04,0.1,7400,33.5,0.02,11000,4600,22,16.42,68.75,347,1.96,2020-11-19,"2020","11","RL-01"
20,8.1,6.95,977,39,349.62,60.6,229.38,1.37,0.1,0.01,0.5,1.94,97.43,0.1,3.85,27.55,8.6,0.54,41,632,0.1,0.1,2.98,2800,0.186,61000,0.05,0.5,2.165,700,5e-04,0.1,107,111.4,0.02,1100000,1100000,24,17.01,137.51,673,1.94,2020-11-19,"2020","11","CS-01"
15,6.9,5.18,691,5.3,277.5,31.54,121.02,0.35,0.1,0.01,23.51,28.02,37.94,3.4,15.96,69.94,14.99,3.82,8,363,0.1,0.59,0.815,0.0025,0.132,5e-04,0.05,0.05,0.676,0.335,5e-04,0.1,6000,43.3,210,460000,240000,25,16.19,76.44,371,28.02,2020-12-08,"2020","12","RZ-05"
16,6.9,7.85,422,4.2,139.09,19.23,121.81,0.43,17.11,0.254,0.59,2.79,14.42,0.22,2.06,18.85,26.07,1.79,10,288,0.1,0.1,0.675,0.0025,0.118,5e-04,0.05,0.05,0.479,0.05,55000,0.1,4700,24.9,0.02,4600,2400,27,6.34,73.28,298,20.15,2020-12-08,"2020","12","RZ-04"
18,6.9,7.21,492,4.7,192.16,25.36,143.06,0.34,4.95,0.439,1.78,2.43,26.34,0.2,4.33,35.22,9.49,1.38,7,321,0.1,0.1,0.775,9600,830,5e-04,0.05,0.05,0.471,700,5e-04,0.1,5400,31.4,0.02,110000,24000,27,8.8,84.71,321,7.82,2020-12-08,"2020","12","RZ-03"
20,7.6,3.64,1060,9.9,363.5,61.86,212.52,1.56,0.1,120,3.98,10.09,112.21,0.37,11.79,61.01,5.14,2.41,29,669,0.1,0.27,1.205,103,0.21,70000,0.05,0.05,0.559,0.198,52000,0.1,118,110.5,0.02,1100000,1100000,21,10.56,125.49,698,10.1,2020-12-09,"2020","12","RL-02"
20,6.9,7.24,435,31.5,182.91,20.45,114.72,0.52,0.32,220,2.37,4.81,41.14,0.79,3.39,66.46,23.33,0.72,50,290,0.1,0.1,9.62,3400,0.167,5e-04,0.05,0.05,2.371,0.105,5e-04,0.1,7000,36.4,230,4600,2400,24,10.56,62.84,340,5.15,2020-12-09,"2020","12","RL-01"
22,8,5.73,1014,29,352,60.83,224.33,1.63,0.11,160,0.5,0.59,113.62,0.1,16.5,24.8,9.96,0.97,51,629,0.1,3,2.98,181,0.246,71000,0.05,0.05,1.602,0.05,54000,0.1,126,97,240,4600000,2400000,26,2,132.38,680,0.72,2020-12-09,"2020","12","CS-01"
12,7.1,4.43,748,5.9,298.45,36.8,117.1,0.37,0.1,0.01,27.95,30.19,43.03,4.2,22.2,72.65,5.14,4.89,14,370,0.1,0.61,0.98,0.0025,650,1800,0.05,0.05,0.517,0.266,5e-04,0.1,112,59.3,940,1.1e+07,1.1e+07,22,13.86,75.2,384,30.2,2021-01-18,"2021","1","RZ-05"
13,7,9.63,443,2.9,135.24,23.02,120.63,0.4,9.29,0.157,0.92,2.52,22.68,0.23,2.88,11.6,5.14,2.11,7,316,0.1,0.31,0.995,0.0025,580,76000,0.05,0.05,0.332,0.05,5e-04,0.1,7800,32.2,380,1100000,1100000,23,3.07,77.8,316,11.97,2021-01-18,"2021","1","RZ-04"
14,7.1,9.21,553,14,227.25,28.91,147.89,0.48,0.18,510,6.77,10.22,41.1,0.41,12.93,67,5.14,2.01,64,326,0.3,0.7,2.395,0.0025,860,1260,0.05,0.05,2.107,0.489,5e-04,0.1,112,43,410,1100000,460000,24,3.91,88.6,390,10.45,2021-01-18,"2021","1","RZ-03"
19,7,3.2,758,13,294.92,49.58,150.44,0.73,0.1,0.01,4.36,7.17,66.33,0.54,17.58,55.17,5.14,1.69,22,468,0.1,0.86,2.275,0.0025,0.122,1870,0.05,0.05,0.533,0.185,5e-04,0.1,149,94.5,0.04,4.6e+07,4.6e+07,21,14.32,89.6,490,7.17,2021-01-19,"2021","1","RL-02"
18,8,7.01,1029,38,369.15,65.28,242.23,1.3,0.13,110,0.8,3.04,101.35,0.18,2.32,32.77,5.14,0.13,54,656,0.1,0.1,4.68,0.0025,0.241,2610,0.05,0.05,2.264,990,5e-04,0.1,189,119.8,460,460000,460000,23,2,97.2,710,3.18,2021-01-19,"2021","1","RL-01"
19,8.2,8.52,993,37,361.07,64.03,229.48,1.23,0.1,0.01,1.38,2.12,89.93,0.1,2.42,36.97,5.14,0.52,50,646,0.1,0.1,4.54,0.0025,0.24,2100,0.05,0.05,2.146,570,5e-04,0.1,175,115.6,480,1.1e+07,1.1e+07,26,2,86,696,2.22,2021-01-19,"2021","1","CS-01"
13,7.2,5.17,770,8.3,288.86,39.34,116.7,0.44,0.1,0.01,26.06,23.59,48.01,7.8,20.4,66.57,5.14,3.96,33,407,0.1,1.85,2.32,0.0025,930,5e-04,0.05,0.05,0.405,0.22,5e-04,0.1,0.0025,61.5,270,1.1e+08,1.1e+08,26,15.07,73.8,440,23.59,2021-02-08,"2021","2","RZ-05"
15,7,7.85,463,2.8,131.2,19.67,127.49,0.39,9.43,0.594,0.69,1.38,23.34,0.27,2.83,5,5.14,1.73,7,325,0.1,0.1,3.31,0.0025,780,5e-04,0.05,0.05,0.23,0.05,5e-04,0.1,0.0025,35.2,0.02,460000,240000,30,4.18,75.2,332,11.4,2021-02-08,"2021","2","RZ-04"
16,7,6.47,591,8.6,244.82,27.57,148.48,0.49,0.11,320,6.66,8.44,25.99,1.04,8.11,19.77,5.14,1.94,16,351,0.1,0.62,1.42,0.0025,860,5e-04,0.05,0.05,1.344,1.36,5e-04,0.1,0.0025,50.3,210,11000,4600,28,6.32,83.2,367,8.58,2021-02-08,"2021","2","RZ-03"
19,8,6.96,1034,31,371.68,65.37,238.9,1.42,0.12,0.01,0.5,0.5,106.55,0.1,1.96,31.82,5.14,0.57,32,686,0.1,0.72,5.9,2600,860,54000,0.05,0.05,1.735,770,5e-04,0.1,9300,117.1,280,1100,1100,22,2,141.6,718,0.12,2021-02-09,"2021","2","RL-01"
21,8.3,7.26,1002,40,365.11,64.75,239.29,1.35,0.1,0.01,0.5,1.95,103.63,0.1,2.46,28.63,5.14,0.55,63,663,0.1,0.86,7.4,2600,970,63000,0.05,0.05,2.588,640,5e-04,0.1,9200,116.5,280,11000,11000,26,2,138.4,726,1.95,2021-02-09,"2021","2","CS-01"
13,7.1,5.45,684,3.7,251.5,35.86,125.85,0.46,0.2,0.332,16.82,18.94,70.33,0.39,5.58,40.33,5.14,4.62,7,369,0.1,0.81,1.065,0.0025,730,93000,0.05,0.05,0.394,0.124,5e-04,0.1,0.0025,57.3,0.04,750,750,27,12.9,77.62,396,19.47,2021-03-25,"2021","3","RZ-05"
15,7.1,8.6,466,3.8,140.18,22.61,136.57,0.47,1.88,170,0.75,3.62,37.88,0.18,1.88,10.55,5.14,2.03,8,368,0.1,0.85,0.64,0.0025,760,5e-04,0.05,0.05,0.356,0.05,5e-04,0.1,0.0025,35.7,260,11000,11000,31,5.86,79,376,5.52,2021-03-25,"2021","3","RZ-04"
17,7,6.92,643,7.4,259.98,37.72,181.18,0.54,0.22,0.213,3.73,4.59,39.47,0.25,3.38,20.83,5.14,1.13,11,370,0.1,0.43,0.71,0.0025,0.12,5e-04,0.05,0.05,0.842,0.399,5e-04,0.1,0.0025,54.4,290,240,240,31,11.07,104.74,381,5.02,2021-03-25,"2021","3","RZ-03"
22,8.1,3.81,1090,17,382.12,66.9,254.89,1.25,0.16,0.01,0.5,1.43,110.02,0.1,1.74,39.62,5.14,0.51,19,687,0.1,0.1,2.415,0.0025,0.247,55000,0.05,0.05,1.307,710,5e-04,0.1,5400,128.4,270,4600,2400,27,2,141.29,706,1.59,2021-03-03,"2021","3","RL-01"
23,8.5,6.76,1040,36,377.12,64.17,237.7,1.32,0.1,0.01,0.5,1.72,108.67,0.1,2.83,43.52,19.19,0.5,67,672,0.1,0.1,4.06,2500,0.243,60000,0.05,0.05,2.719,770,5e-04,0.1,6800,124.4,230,110000,110000,31,2,137.31,739,1.72,2021-03-03,"2021","3","CS-01"
15,7.4,4.43,550,3.3,147.96,37.76,114.41,0.51,2.71,0.73,10.42,11.12,71.54,0.19,4.79,32,18.71,0.7,13,372,0.1,0.1,1.3,0.0025,770,68000,0.05,0.05,0.471,630,5e-04,0.1,148,56.5,250,2100,2100,26,12.74,82.17,385,14.56,2021-04-22,"2021","4","RZ-05"
16,7.4,7.48,467,6.2,138.87,24.84,124.51,0.76,2.69,410,3.32,3.8,39.6,0.13,3.21,11.96,8.03,1.13,7,339,0.1,0.28,1.78,0.0025,0.113,56000,0.05,0.05,0.522,0.05,5e-04,0.1,150,36.3,0.02,11000,11000,28,11.07,84.35,339,6.53,2021-04-22,"2021","4","RZ-04"
18,7.4,2.22,633,5.05,239.37,44.12,155.78,0.43,0.1,570,12.23,8.95,26.76,0.12,2.38,23.52,5.14,1.39,7,375,0.1,0.24,1.03,0.0025,0.154,1090,0.05,0.05,0.696,0.43,5e-04,0.1,140,54,0.02,43,43,31,14.88,96.82,375,9.01,2021-04-22,"2021","4","RZ-03"
22,8.2,3.37,1146,24,392.28,74.56,247.66,1.34,0.1,230,0.5,3.57,120.21,0.1,2.47,47.45,5.14,0.43,31,732,0.1,0.22,3.15,3600,0.203,3310,0.05,0.05,1.188,680,5e-04,0.1,206,127.5,220,23,23,24,2,141.57,763,3.59,2021-04-23,"2021","4","RL-01"
23,8.7,6.18,1082,60,375.25,72.41,246.68,1.63,0.1,170,0.5,3.92,118.18,0.1,4.58,54.75,8.32,0.46,94,700,0.1,0.15,6.02,2900,0.207,1770,0.05,0.05,3.317,700,5e-04,0.1,230,122.8,250,750,750,32,2,116.03,794,3.94,2021-04-23,"2021","4","CS-01"
19,6.7,6.29,514,2.9,153.65,32.49,108.77,0.32,1.08,0.246,2.15,3.96,65.89,0.27,5.97,47.78,10.51,1.52,8,365,0.1,0.1,0.224,0.0025,840,72000,0.05,0.05,0.424,980,5e-04,0.1,6700,53,280,23,23,23,13.91,70.88,373,5.29,2021-05-12,"2021","5","RZ-05"
19,6.9,6.69,447,4.4,126.92,22.25,114.21,0.31,9.51,0.03,0.64,4.13,39.09,0.15,3.99,24.65,5.14,1,15,329,0.1,0.57,0.77,0.0025,720,1440,0.05,0.05,0.61,0.05,5e-04,0.1,5700,34.1,0.02,4600,4600,26,8.08,72.86,344,13.67,2021-05-12,"2021","5","RZ-04"
22,6.9,5.51,710,4.2,247.3,60.87,156.36,0.39,0.15,260,5.82,9.2,30.34,0.2,3.27,31.44,13.81,1.68,10,448,0.1,0.1,0.268,0.0025,0.103,1690,0.05,0.05,0.71,0.569,5e-04,0.1,6100,73,0.02,1100,1100,31,10.62,97.02,458,9.38,2021-05-12,"2021","5","RZ-03"
23,8,6.2,1182,16,392.82,80.72,243.81,0.98,0.1,0.01,1.46,2.56,123.01,0.1,1.41,53.29,5.14,0.48,18,738,0.1,0.26,1.225,0.0025,0.37,2240,0.05,0.05,0.826,670,5e-04,0.1,101,138.5,0.02,93,43,30,5.55,141.57,756,2.56,2021-05-18,"2021","5","RL-01"
25,8.7,6.1,1101,55,362.91,74.87,230.03,1.14,0.1,0.01,1.05,3.09,114.85,0.11,3.27,63.67,5.14,0.44,86,706,0.1,0.46,3.82,0.0025,0.396,2440,0.05,0.05,3.579,780,5e-04,0.1,142,129.3,290,1100,1100,29,2,124.54,792,3.09,2021-05-18,"2021","5","CS-01"
20,6.7,6.28,451,4.4,126.86,30.08,102.88,0.27,2.96,0.184,0.5,2.39,42.65,0.15,2.73,25.21,14.35,1.41,7,323,0.1,0.38,0.83,0.0025,0.132,5e-04,0.05,0.05,0.464,510,5e-04,0.1,0.0025,41.4,0.02,150000,150000,27,10.19,85.14,323,5.53,2021-06-09,"2021","6","RZ-05"
21,7,6.91,356,13,123.38,18.81,108.51,0.43,2.71,480,0.5,1.8,26.8,0.11,2.77,23.52,7.64,0.77,18,243,0.1,0.68,1.61,0.0025,0.145,5e-04,0.05,0.05,0.94,750,5e-04,0.1,0.0025,23.3,0.02,1100000,460000,29,8.23,87.12,261,4.56,2021-06-09,"2021","6","RZ-04"
24,6.8,5.9,487,19,184.07,32.2,125.4,0.44,0.44,0.271,3.26,4.66,29.16,0.1,4.7,22.46,8.47,0.99,25,310,0.1,0.1,1.365,0.0025,0.142,59000,0.05,0.05,1.448,0.139,5e-04,0.1,3200,42,0.02,460000,460000,29,9.16,86.72,335,5.37,2021-06-09,"2021","6","RZ-03"
23,8.5,2.9,1179,19,382.35,80.1,239.74,1.25,0.1,0.01,1.34,3.2,133.64,0.1,2.03,45.37,5.14,0.46,13,747,0.1,0.38,1.295,0.0025,0.164,1680,0.05,0.05,0.963,550,5e-04,0.1,107,135.3,0.02,110000,2400,21,2,133.06,760,3.2,2021-06-04,"2021","6","RL-01"
22,8.6,5.77,1114,70,363.9,80.53,5.04,1.15,0.1,0.01,0.99,3.49,135.15,0.1,5.04,67.6,5.14,0.46,102,711,0.1,0.26,4.07,0.0025,0.176,2200,0.05,0.05,3.67,880,5e-04,0.1,141,130,360,110000,110000,23,2,126.72,813,3.49,2021-06-04,"2021","6","CS-01"
16,6.8,7.84,162,1500,62.27,7.35,59.92,0.44,5.01,910,0.5,4.95,30.36,0.1,8.22,136.69,10.88,1.09,1109.52,404.48,0.6,0.1,32.4,0.0025,0.378,5e-04,0.05,0.05,44.597,1.342,5e-04,0.1,374,10,890,110000,110000,22,13.56,41.98,1514,10.05,2021-07-12,"2021","7","RZ-05"
17,6.9,7.59,150,2200,60.39,11.41,73.3,0.42,5.21,940,0.5,8.91,26.53,0.1,14.28,252.21,8.53,1.04,2315.79,284.21,3,0.1,44.7,3000,0.992,5e-04,660,740,73.144,2.343,5e-04,0.1,672,10,0.177,110000,46000,24,15.15,29.7,2600,14.21,2021-07-12,"2021","7","RZ-04"
20,7.2,4.7,256,1600,73.26,16.03,108.79,0.57,3.25,0.592,0.5,11.3,37.86,0.1,25.44,414.95,13.71,1.29,2542.1,280.9,9.5,0.1,44.9,4900,0.872,5e-04,870,710,65.119,2.516,88000,0.1,652,14.1,0.321,460000,460000,25,17.3,53.46,2823,15.14,2021-07-12,"2021","7","RZ-03"
20,6.8,4.4,227,1000,80.78,17.44,74.27,0.52,3.63,0.224,0.81,3.96,33.48,0.1,3.6,79.62,5.14,1.02,800,319,0.1,0.1,30.9,0.0025,0.257,5e-04,0.287,0.05,34.231,0.569,5e-04,0.1,266,12.2,680,240000,240000,26,13.65,38.61,1119,7.81,2021-07-12,"2021","7","RZ-02"
22,6.6,5.23,486,750,115.33,32.39,138.46,1.22,4.93,0.672,4.78,8.62,91.31,0.1,17.04,142.92,6.06,1.21,1415,300,0.4,0.1,32.3,0.0025,0.84,5e-04,0.05,0.05,33.563,0.904,5e-04,0.1,316,42.3,0.116,110000,46000,22,16.83,61.18,1715,14.22,2021-07-12,"2021","7","RL-02"
23,6.5,4.75,432,850,124.74,27.44,131.09,1.27,5.19,0.152,3.61,8.04,68.41,0.1,14.04,145.17,6.11,1.21,1542.1,364.9,0.7,0.1,32.97,9300,0.86,5e-04,0.05,0.05,27.21,1.065,5e-04,0.1,346,37.2,0.123,15000,15000,29,12.34,38.41,1907,13.38,2021-07-12,"2021","7","RL-01"
21,6.2,2.33,376,850,123.75,27.02,115.58,0.71,3.72,0.312,1.8,8.68,65.16,0.1,9.96,178.2,38.65,1.7,1415.79,255.21,1.6,0.1,31.1,121,0.72,5e-04,0.05,0.05,33.396,0.824,5e-04,0.1,304,25.5,0.131,110000,110000,29,18.61,57.42,1671,12.71,2021-07-12,"2021","7","CS-01"
19,7.7,6.77,259,1100,83.72,13.06,94.77,0.48,3.39,0.329,2.4,4.34,21.78,0.1,4.59,91.25,5.61,0.3,964,425,0.4,0.1,27.5,0.0025,0.49,2000,0.05,0.05,44.964,1.085,5e-04,0.1,422,15.1,750,1.1e+08,1.1e+08,25,13.84,63.68,1389,8.06,2021-08-17,"2021","8","RZ-05"
20,7.8,7.15,248,290,83.53,11.53,96.16,0.39,2.71,0.12,1.43,3.26,10,0.1,8.04,65.68,7.5,0.33,203.33,323.67,0.5,0.1,34.375,3900,0.189,1700,0.05,0.05,15.711,0.333,5e-04,0.1,177,10.5,430,110000,110000,27,11.13,47.76,527,6.09,2021-08-17,"2021","8","RZ-04"
21,7.5,5.15,243,650,86.48,10.38,112.85,0.51,4.84,0.163,1.26,5.03,10,0.1,8.55,105.11,7.83,0.95,929.41,234.59,0.7,0.1,47,3500,0.494,1390,0.05,0.05,36.346,0.99,5e-04,0.1,271,11.3,0.101,110000,110000,28,11.97,56.71,1164,10.03,2021-08-17,"2021","8","RZ-03"
20,7.2,3.97,196,1200,77.03,9.52,81.46,0.55,4.08,0.2,1.37,4.97,10,0.1,4.71,88.4,9.28,0.57,860,364,0.1,0.1,34.75,3400,0.404,1340,0.05,0.05,48.658,0.634,5e-04,0.1,408,10,0.133,46000,46000,31,12.62,41.39,1224,9.25,2021-08-17,"2021","8","RZ-02"
22,7.3,5.12,393,750,16.83,24.02,109.27,1.14,4.36,0.369,3.54,8.05,54.56,0.1,8.01,127.4,11.48,1.38,1207.41,311.59,0.2,0.1,33,0.0025,0.712,1940,0.05,0.05,30.894,0.658,5e-04,0.1,354,35.8,0.191,390000,390000,20,16.83,74.62,1519,12.78,2021-08-17,"2021","8","RL-02"
23,7.4,6.13,382,550,121.35,23.02,108.48,0.89,4.26,0.26,3.14,6.74,54.79,0.1,10.23,121.11,5.14,1.06,564,685,0.2,0.1,39,2900,0.68,1660,0.05,0.05,23.537,0.596,5e-04,0.1,290,33.2,0.137,46000,46000,22,14.77,72.63,1249,11.26,2021-08-17,"2021","8","RL-01"
21,7.4,6.1,290,350,101.65,16.22,95.76,0.38,0.96,0.272,2.28,3.2,12.77,0.1,6.03,70.36,5.14,0.89,216.67,357.33,0.2,0.1,11.7,3000,0.206,1580,0.05,0.05,16.942,0.273,5e-04,0.1,172,16.6,460,460000,460000,23,14.31,54.13,574,4.43,2021-08-17,"2021","8","CS-01"
19,7,6.88,259,40,88.9,13.79,65.47,0.51,3.85,730,0.86,3.06,22.01,0.11,6.09,48.37,5.14,0.42,42,190,0.3,0.1,2.11,0.0025,0.121,5e-04,0.05,0.05,2.907,860,5e-04,0.1,4700,10.5,0.02,2300000,2300000,24,8.37,48.02,232,6.99,2021-09-29,"2021","9","RZ-05"
19,7.1,7.9,225,130,84.74,9.69,75.83,0.48,5.22,810,0.81,2.08,10,0.1,1.71,32.39,5.14,0.36,106,198,0.2,0.1,6.74,0.0025,0.104,5e-04,0.05,0.05,7.371,0.174,5e-04,0.1,7200,10,0.02,150000,150000,26,6.51,50.96,304,7.38,2021-09-29,"2021","9","RZ-04"
19,6.7,7.05,256,240,110.88,9.88,80.33,0.5,4.24,740,0.92,1.96,10,0.1,2.73,39.02,5.14,0.65,212.5,220.5,0.2,0.1,9.74,0.0025,0.117,5e-04,0.05,0.05,11.92,0.309,5e-04,0.1,9600,10,0.02,460000,460000,26,18.13,59,433,6.27,2021-09-29,"2021","9","RZ-03"
20,6.4,6.47,239,600,101.77,13.5,82.08,0.61,0.28,560,0.58,3.17,10.05,0.1,3.24,78.17,5.14,1.16,745,205,0.6,0.1,28.3,3700,0.213,5e-04,0.05,0.05,24.854,0.718,5e-04,0.1,216,10,580,110000,110000,30,12.55,47.43,950,3.51,2021-09-29,"2021","9","RZ-02"
22,7.2,3.83,443,250,125.33,30.72,97.13,0.61,1.29,0.472,4.63,7.43,54.79,0.1,23.34,86.68,5.14,1.35,451.51,320.49,0.2,0.1,29.25,8700,0.183,5e-04,0.05,0.05,13.425,0.354,5e-04,0.1,158,40.8,790,46000,24000,22,16,66.84,772,9.19,2021-09-07,"2021","9","RL-02"
22,7.1,2.14,400,250,112.96,23.64,97.33,0.57,1.4,0.405,3.08,5.6,55.67,0.1,24.36,73.1,5.14,1.07,443.75,236.25,0.1,0.1,5.88,0.0025,0.201,5e-04,0.05,0.05,13.132,0.324,5e-04,0.1,137,35.4,670,110000,110000,23,11.53,62.72,680,7.41,2021-09-07,"2021","9","RL-01"
20,6.9,4.2,188,650,86.62,13.16,64.49,0.37,2.12,0.155,2.06,3.54,39.12,0.1,7.86,79.54,5.14,0.9,465.52,283.48,0.3,0.1,7.76,0.0025,0.145,5e-04,0.05,0.05,22.306,0.319,5e-04,0.1,175,10,0.06,46000,24000,27,12.83,30.58,749,5.82,2021-09-07,"2021","9","CS-01"
18,7.2,4.07,293,5.6,114.75,15.4,55.85,0.32,6.7,0.488,2.13,3.69,19.4,0.15,3.55,13.77,5.14,0.66,8,212,0.1,0.1,0.655,3000,0.105,5e-04,0.05,0.05,0.859,710,5e-04,0.1,0.0025,17.6,0.02,1100,460,30,5.42,54.37,220,10.88,2021-10-19,"2021","10","RZ-05"
18,7.3,4.25,241,28,105.2,11.07,70.8,0.33,0.89,0.05,1.21,2.65,10,0.1,5.61,27.16,7.92,0.32,35,189,0.2,0.16,1.515,0.0025,0.116,5e-04,0.05,0.05,2.99,0.126,5e-04,0.1,2700,12.1,650,460000,240000,34,5.61,53.58,224,3.59,2021-10-19,"2021","10","RZ-04"
20,7.2,4.31,278,38,116.72,12.72,83.58,0.35,6.28,0.517,1.21,2.36,10,0.1,3.2,16.7,7.34,0.34,39,230,0.2,0.1,2.06,0.0025,0.114,5e-04,0.05,0.05,2.905,920,5e-04,0.1,3600,12.3,0.02,110000,110000,35,12.15,55.16,269,9.16,2021-10-19,"2021","10","RZ-03"
22,7.1,4.51,329,65,140.66,15.98,105.02,0.3,6.28,0.04,1.38,2.71,10,0.1,5.67,23.02,5.14,0.83,96,229,0.3,0.14,2.67,0.0025,0.14,5e-04,0.05,0.05,5.196,0.217,5e-04,0.1,6500,19.2,0.02,46000,46000,37,6.73,63.04,325,9.03,2021-10-19,"2021","10","RZ-02"
22,7.7,3.3,469,90,149.72,30.3,102.66,0.7,7.08,0.01,1.5,4.15,56.75,0.11,7.38,43.59,5.14,1.2,202.13,310.87,0.2,0.1,5.9,136,0.241,56000,0.05,0.05,5.366,0.237,5e-04,0.1,9400,50.6,480,15000,15000,27,9.16,72.89,513,11.23,2021-10-21,"2021","10","RL-02"
22,7.9,3.6,487,95,148.83,29.97,103.05,0.59,6.79,0.01,2.19,2.83,55.13,0.13,6.99,39.03,5.14,1.27,192.5,314.5,0.2,0.12,6.5,124,0.23,55000,0.05,0.05,6.044,0.244,5e-04,0.1,9200,49.3,0.123,11000,11000,23,7.76,73.28,507,9.62,2021-10-21,"2021","10","RL-01"
22,7.1,1.7,360,18,145.58,20.01,86.53,0.38,0.7,0.469,2.77,3.34,10,0.2,3.86,21.15,5.14,0.64,23,207,0.1,0.1,0.915,3000,0.169,5e-04,0.05,0.05,1.379,0.241,5e-04,0.1,0.0025,21.2,0.02,110000,110000,27,7.57,63.04,230,4.51,2021-10-21,"2021","10","CS-01"
15,6.9,7.37,425,2.3,117.9,28.22,87.45,0.33,0.91,0.29,1.5,2.48,35.57,0.1,2.42,12.25,5.14,0.42,7,277,0.1,0.1,0.223,0.0025,0.124,5e-04,0.05,680,0.305,0.5,5e-04,0.1,2900,38.6,0.02,15000,9300,24,11.37,66.26,277,3.68,2021-11-30,"2021","11","RZ-05"
15,7,8.18,352,8.4,144.5,17.77,96.21,0.33,1.43,680,1.56,2.54,21.34,0.1,3.09,19.51,5.14,0.3,7,231,0.1,0.1,0.171,2800,0.131,5e-04,0.05,0.05,0.989,0.05,5e-04,0.1,0.0025,21.6,0.02,46000,24000,27,10.62,66.05,231,4.04,2021-11-30,"2021","11","RZ-04"
15,6.7,6.72,406,2.4,149.23,18.99,110.89,0.38,1.24,0.218,2.08,2.54,23.9,0.1,2.79,15.22,5.14,0.48,9,261,0.1,0.1,0.386,0.0025,0.132,5e-04,0.05,0.05,0.316,0.05,5e-04,0.1,0.0025,26.9,0.02,11000,11000,25,12.03,74.34,270,4,2021-11-30,"2021","11","RZ-03"
18,6.8,5.17,665,18,213.15,65.22,131.48,0.35,1.24,0.181,4.96,6.52,25.77,0.1,2.45,28.29,5.14,0.84,24,374,0.1,0.1,1.12,0.0025,0.148,5e-04,0.05,0.05,1.202,0.194,5e-04,0.1,4100,61,0.02,46000,46000,29,15.04,88.48,398,7.94,2021-11-30,"2021","11","RZ-02"
18,7.8,6.51,494,65,148.73,29.48,91.32,0.5,0.79,0.02,2.71,3.86,67.2,0.1,4.05,41.09,5.14,1.21,133,312,0.1,0.1,7.22,104,0.206,5e-04,0.05,0.05,3.999,0.122,5e-04,0.1,8200,53.3,1.557,15000,9300,18,10.34,73.33,445,6.59,2021-11-24,"2021","11","RL-02"
19,7.7,6.36,493,65,150.21,28.99,92.34,0.57,1.36,120,6.34,14.65,64.77,0.1,4.23,31.96,5.14,1.1,101,348,0.1,0.12,7.6,114,0.189,5e-04,0.05,0.05,4.093,0.131,5e-04,0.1,8100,52.2,310,93000,43000,20,13.82,70.5,449,21,2021-11-24,"2021","11","RL-01"
20,7.3,2.59,795,6.8,289.63,51.24,146.97,0.82,0.1,0.01,4.33,5.42,70.6,0.3,10.92,42.73,5.14,0.93,11,507,0.1,3.34,0.84,160,0.178,5e-04,0.05,0.05,0.509,0.259,5e-04,0.1,5100,92.4,280,460000,460000,25,22.37,99.99,518,9.75,2021-11-24,"2021","11","CS-01"
15,7.3,3.97,449,1.9,127.21,23.41,101.98,0.3,0.1,0.142,1.44,3.23,34.29,0.16,2.15,27.71,5.14,0.51,7,310,0.1,0.12,0.1666,0.0025,474,5e-04,0.05,0.05,0.244,0.5,5e-04,0.1,0.0025,43.3,340,460,460,23,8.88,66.92,310,3.37,2021-12-13,"2021","12","RZ-05"
14,6.1,4.78,368,5.75,146.12,21.22,112.87,0.6,0.58,910,1.56,3.81,19.64,0.13,1.85,23.8,5.14,0.3,7,248,0.1,0.1,0.1494,0.0025,470,5e-04,0.05,0.05,0.713,0.05,5e-04,0.1,0.0025,26.9,0.02,460,460,29,6.92,64.75,255,4.48,2021-12-13,"2021","12","RZ-04"
16,7.6,3.21,425,4.1,178.3,20.79,102.97,0.55,1.16,870,4.84,46.55,21.86,0.1,2.55,21.7,5.14,0.55,13,274,0.1,0.1,0.3949,0.0025,448,5e-04,0.05,0.05,0.407,0.05,5e-04,0.1,0.0025,30,0.02,4300,4300,31,7.39,77.42,287,47.8,2021-12-13,"2021","12","RZ-03"
19,7.7,6.21,680,11.5,245.32,70.47,159.41,0.56,0.18,0.01,4.84,22.96,25.49,0.24,11.79,70.56,5.14,1.59,22.45,433.55,0.1,0.76,0.63,0.0025,810,5e-04,0.05,0.05,0.91,0.519,5e-04,0.1,0.0025,75.1,0.02,240000,240000,29,11.97,87.32,456,23.14,2021-12-13,"2021","12","RZ-02"
19,7.9,5.77,509,50,153.66,29.92,94.38,0.69,1.11,0.01,0.92,1.96,49.07,0.1,3.11,30.32,5.14,1.29,79,348,0.1,0.1,7.48,7700,0.149,5e-04,0.05,0.05,2.997,920,5e-04,0.1,7900,52.5,0.02,46000,24000,25,5.36,72.32,427,3.07,2021-12-01,"2021","12","RL-02"
19,8,5.21,497,45,152.48,29.29,97.64,0.53,1.11,0.01,1.61,2.02,42.36,0.1,3.14,26.03,5.14,1.14,72,329,0.1,0.39,4.84,7000,0.173,5e-04,0.05,0.05,2.789,970,5e-04,0.1,6600,51,0.02,7500,4300,25,8.84,70.9,401,3.13,2021-12-01,"2021","12","RL-01"
21,7.9,3,862,29,287.63,56.43,161.03,0.9,0.1,0.01,1.04,2.65,95.61,0.1,2.52,22.36,5.14,0.64,13,555,0.1,0.1,2.29,223,0.243,5e-04,0.05,0.05,1.58,610,5e-04,0.1,8500,103.6,0.02,46000,46000,27,9.59,99.18,568,2.65,2021-12-01,"2021","12","CS-01"
14,7.8,7.47,448,1.3,111.82,27.19,99.97,0.74,6.9,0.17,0.57,2.96,30.5,0.26,2.12,44.254,5.14,0.76,7,326,0.1,0.1,762,0.0025,366,71000,0.05,0.05,980,0.05,5e-04,0.1,4400,43.6,0.02,930,930,26,10.15,67.66,326,10.03,2022-01-19,"2022","1","RZ-05"
13,8,8.38,416,2.3,135.79,21.84,116.66,0.48,5.75,560,0.5,2.27,22.11,0.24,1.47,8.985,5.14,0.45,8,288,0.1,0.1,0.139,0.0025,390,63000,0.05,0.05,0.246,0.05,5e-04,0.1,3700,32.3,0.02,2400,2400,27,9.15,74.63,296,8.08,2022-01-19,"2022","1","RZ-04"
14,8,5.88,664,7.1,266.94,36.4,186.22,0.56,0.1,590,6.76,10.12,50.47,0.93,17.46,32.362,5.14,1.9,24,402,0.1,0.1,0.309,3700,770,95000,0.05,0.05,1.309,7.238,5e-04,0.1,5300,53.1,0.02,930000,930000,25,18.31,122.58,426,10.28,2022-01-19,"2022","1","RZ-03"
16,8.1,8.19,1132,9.9,366.41,139.81,230.94,0.58,0.28,0.369,2.9,7.56,10,0.29,12.69,83.485,5.16,2.65,28,709,0.1,0.1,0.154,5700,890,5e-04,0.05,0.05,0.504,0.342,5e-04,0.1,5500,125,0.02,4300,2300,27,15.42,131.14,737,8.21,2022-01-19,"2022","1","RZ-02"
18,8.4,9.9,654,17,185.95,37.46,149.65,0.9,1.88,0.491,1.65,4.04,89.86,0.17,7.29,36.349,5.14,1.86,38,410,0.1,0.1,1.46,7600,950,5e-04,0.05,0.05,0.788,670,5e-04,0.1,7600,70.9,0.02,21000,21000,20,3.98,90.94,448,6.41,2022-01-06,"2022","1","RL-02"
19,7.7,4.82,685,11,189.57,41.99,157.6,0.88,2.64,0.416,1.76,3.13,84.47,0.21,3.52,19.84,5.14,1.44,16,433,0.1,0.1,0.96,7900,940,5e-04,0.05,0.05,0.529,0.05,5e-04,0.1,7800,76,580,930,930,22,6.17,92.54,449,6.19,2022-01-06,"2022","1","RL-01"
21,8,3.9,882,23,270.5,59.69,184.23,1.36,0.2,530,1.76,3.69,85.77,0.16,2.33,28.402,5.14,0.62,14,556,0.1,0.15,1.95,134,0.127,5e-04,0.05,0.05,1.316,520,5e-04,0.1,9600,106,0.02,24000,24000,24,5.37,95.92,570,3.94,2022-01-06,"2022","1","CS-01"
14,7.6,7.94,458,1,131.14,28.06,101.45,0.43,4.12,510,2.16,2.38,53.9,0.18,1.59,7.732,5.14,1.27,7,344,0.1,0.1,0.105,0.0025,298,5e-04,0.05,0.05,0.114,0.05,5e-04,0.1,3700,49.8,0.02,210,210,25,9.11,68.85,344,6.55,2022-02-04,"2022","2","RZ-05"
14,7.8,8.66,438,2.2,155.19,24.39,131.63,0.42,4.16,0.484,1.44,3.33,28.12,0.18,1.8,8.461,5.14,1.42,7,315,0.1,0.1,0.193,0.0025,416,5e-04,0.05,0.05,0.303,0.05,5e-04,0.1,2600,37,0.02,7500,7500,28,8.62,75.62,315,7.97,2022-02-04,"2022","2","RZ-04"
18,7.4,6.2,611,3.7,250.03,38.62,181.27,0.51,0.45,0.411,1.11,4.38,32,0.23,4.35,22.34,5.14,1.47,13,405,0.1,0.1,0.22,0.0025,478,5e-04,0.05,0.05,0.432,1.248,5e-04,0.1,0.0025,60.6,0.02,240,93,24,8.33,104.28,418,5.24,2022-02-04,"2022","2","RZ-03"
18,7.2,5.74,1088,4.3,374,130.75,238.25,0.6,0.17,0.292,1.66,5.6,10,0.17,9.21,60.468,7.02,2.1,21,710,0.1,0.1,0.211,2500,0.08,5e-04,0.05,0.05,0.41,0.252,5e-04,0.1,4000,122.9,0.02,460,460,29,18.52,140.49,731,6.06,2022-02-04,"2022","2","RZ-02"
19,7.7,1,870,12,297.8,54.14,155.02,0.69,0.1,320,6.25,13.13,110.09,0.44,26.4,94.127,5.14,3.21,44,543,0.1,1.06,0.31,6400,930,5e-04,0.05,0.05,0.233,0.268,5e-04,0.1,8600,108.3,0.02,240000,240000,15,18.62,96.51,587,13.16,2022-02-03,"2022","2","RL-02"
19,7.7,2.7,816,34,268.92,54.19,174.69,0.9,0.53,580,1.53,2.96,98.05,0.13,3.33,23.796,5.14,1.17,28,541,0.1,0.23,3.35,121,0.127,5e-04,0.05,0.05,2.227,0.218,5e-04,0.1,7700,93.4,210,43000,23000,17,14.99,103.48,569,3.55,2022-02-03,"2022","2","RL-01"
20,8.6,5.9,883,45,296.81,58.38,186.82,1.17,0.29,310,1.65,3.01,91.15,0.21,4.95,48.744,5.14,0.64,63,574,0.1,0.23,3.8,190,0.136,5e-04,0.05,0.05,2.71,710,5e-04,0.1,8100,105.2,0.02,210000,210000,21,2,98.5,637,3.33,2022-02-03,"2022","2","CS-01"
14,7.6,3.51,680,3,187.26,32.74,119.05,0.34,2.7,0.988,7.39,8.74,52.13,0.18,3.32,23.316,5.52,1.66,10,377,0.1,0.1,0.3909,2700,0.364,5e-04,0.05,0.05,0.391,610,5e-04,0.1,0.0025,58.3,0.02,4600,2400,23,13.93,76.44,387,12.43,2022-03-24,"2022","3","RZ-05"
15,8.7,4.72,501,2,173.97,22.61,120.43,0.36,2.16,490,0.62,2.35,29.79,0.17,1.3,5,5.14,1.13,7,317,0.1,0.5,0.2252,0.0025,338,5e-04,0.05,0.05,0.276,0.05,5e-04,0.1,0.0025,38.9,0.02,11000,11000,31,10.94,77.62,317,4.56,2022-03-24,"2022","3","RZ-04"
22,8.7,3.83,889,12,284.48,60.94,171.99,0.94,0.1,0.636,5.82,7.06,117.35,0.5,13.77,69.939,9.82,1.99,29,576,0.1,0.56,0.1204,7800,950,5e-04,0.05,0.05,920,0.114,5e-04,0.1,0.0025,111.9,0.02,1500000,750000,28,5.77,111.5,605,7.7,2022-03-15,"2022","3","RL-02"
23,8.7,5.5,922,16,295.91,60.6,191.86,0.97,0.1,210,3.19,5.49,94.59,0.32,3.33,33.619,5.14,0.98,15,588,0.1,0.48,1.7936,193,0.138,5e-04,0.05,0.05,0.878,0.114,5e-04,0.1,0.0025,111.2,890,2400,2400,26,6.47,108.35,603,5.51,2022-03-15,"2022","3","RL-01"
22,9.3,5.19,911,50,297.9,61.52,192.84,1.26,0.1,210,3.3,4.7,97.38,0.34,3.39,37.774,5.14,0.68,63.41,594.59,0.1,1.61,1.0805,198,320,5e-04,0.05,0.05,3.224,730,5e-04,0.1,3000,109.1,0.02,75000,75000,25,2,111.9,658,4.72,2022-03-15,"2022","3","CS-01"
15,7.7,8.06,514,3,170.5,20.39,127.12,0.2,3.9,370,1.01,2.3,24.41,0.1,1.65,13.085,5.14,1.21,8,319,0.1,0.68,0.2465,0.0025,365,5e-04,0.05,0.05,0.281,0.05,5e-04,0.1,0.0025,39.7,0.02,1500,1500,21,6.24,78.6,327,6.24,2022-04-05,"2022","4","RZ-05"
15,8,7.83,448,1.7,139.2,29.55,106.85,1.26,3.93,290,0.9,2.74,43.51,0.1,1.65,10.804,5.14,1.26,7,352,0.1,0.6,0.1035,0.0025,355,5e-04,0.05,0.05,0.12,0.05,5e-04,0.1,0.0025,54.7,0.02,4600,4600,25,6.53,75.06,352,6.7,2022-04-05,"2022","4","RZ-04"
24,8.4,5.87,914,23,313.87,62.77,209.55,0.74,0.12,0.03,1.01,2.86,94.29,0.1,3.17,36.727,5.14,0.79,20,619,0.1,0.36,2.495,179,0.144,5e-04,0.05,0.05,1.303,710,5e-04,0.1,3100,111.5,0.02,750,430,25,2,113.93,639,3.01,2022-04-06,"2022","4","RL-01"
24,8.7,6.18,905,70,307.38,61.86,208.14,0.87,0.1,0.01,0.73,4.2,92.11,0.1,5.61,28.379,5.14,0.72,78,618,0.1,1.04,6.36,178,0.156,5e-04,0.05,0.05,3.529,840,5e-04,0.1,4800,109.5,0.02,93000,93000,30,2,113.52,696,4.2,2022-04-06,"2022","4","CS-01"
17,7.7,6.71,520,1,144.18,31.97,215.85,0.5,4.38,180,1.63,1.98,48.12,0.4,2.62,12.767,5.14,2.15,7,350,0.1,0.1,840,0.0025,290,5e-04,0.05,0.05,0.109,0.05,5e-04,0.1,3200,55.1,0.02,1500,1500,32,5.81,130.94,350,6.38,2022-05-04,"2022","5","RZ-05"
17,7.7,7.47,465,2.3,166.76,23.38,181.03,0.37,4.37,280,1.34,2.33,24.39,0.36,2.11,7.18,5.14,2.12,7,311,0.1,0.1,0.147,0.0025,320,5e-04,0.05,0.05,0.244,0.05,5e-04,0.1,0.0025,37.1,0.02,11000,11000,32,7.68,93.53,311,6.73,2022-05-04,"2022","5","RZ-04"
21,8,7.84,830,11,328.68,66.53,226.39,0.5,0.23,0.147,1.98,5.53,10,0.45,16.41,52.7,5.14,1.3,29.33,521.67,0.1,0.1,0.177,0.0025,940,5e-04,0.05,0.05,0.89,0.54,5e-04,0.1,0.0025,82.3,0.02,1100,1100,32,8.57,141.09,551,5.91,2022-05-04,"2022","5","RZ-03"
24,8.3,3.41,835,20,322.7,64.51,212.67,1.22,0.57,0.102,0.95,1.85,103.65,0.42,1.76,29.299,5.64,0.91,16,623,0.1,0.1,1.63,258,0.15,5e-04,0.05,0.05,0.95,740,5e-04,0.1,7100,118.3,640,46000,24000,29,2,117.21,639,2.52,2022-05-03,"2022","5","RL-01"
25,8.7,4.91,818,75,321.71,65.81,210.88,1.35,0.3,380,1.06,2.13,100.45,0.46,4.59,31.731,5.14,0.73,86,610,0.1,0.1,5.58,247,0.157,52000,0.05,0.05,3.491,830,91000,0.1,6200,114.6,0.03,110000,46000,32,2,115.42,696,2.47,2022-05-03,"2022","5","CS-01"
16,7.1,6.02,205,2700,105.53,21.76,83.36,0.62,3.31,0.494,1.38,8.25,29.53,0.41,19.08,93.258,5.41,2.55,2110,588.09,0.5,0.1,89.6,6500,0.47,5e-04,620,0.05,83.732,2.549,5e-04,0.1,491,10,0.146,2400000,2400000,23,18.71,33.83,2698,12.05,2022-06-07,"2022","6","RZ-05"
17,7.5,7.07,280,1300,127.71,18.7,92.51,0.62,3.25,0.967,2.48,8.3,30.99,0.65,22.08,94.474,6.57,1.8,940.91,558.09,1.5,0.1,50.6,5300,0.26,5e-04,0.05,0.05,48.801,1.447,5e-04,0.1,229,14.4,0.112,460000,460000,25,20.29,45.77,1499,12.52,2022-06-07,"2022","6","RZ-04"
21,7.2,2.72,400,240,141.57,25.11,126.53,0.53,0.75,1.102,2.59,5.25,35.6,0.75,10.68,32.816,5.86,1.19,277.27,282.73,0.1,0.1,17,0.0025,0.102,5e-04,0.05,0.05,0.287,0.535,5e-04,0.1,5200,25.5,440,1500000,1500000,28,17.72,54.72,560,7.1,2022-06-07,"2022","6","RZ-03"
25,7.5,6.08,964,4.7,342.97,68.53,216.65,1,0.17,110,1.04,4.21,56.79,0.26,2.36,22.824,6.5,0.64,10,644,0.1,0.1,0.296,241,0.14,5e-04,0.05,0.05,0.14,710,5e-04,0.1,5300,117.4,0.02,4600,4600,26,7.92,122.78,654,4.39,2022-06-07,"2022","6","RL-01"
27,8.2,3.72,967,65,354.43,70.37,227.19,1.11,0.22,110,0.92,3.52,67.77,0.32,5.23,36.595,5.14,0.77,97,654,0.1,0.1,5.7,336,0.165,56000,0.05,0.05,3.481,820,5e-04,0.1,117,116.6,0.02,110000,46000,31,2,126.56,751,3.75,2022-06-07,"2022","6","CS-01"
19,7,5.98,234,700,115.63,9.25,101.03,0.46,2.61,0.601,3.14,13.28,33.7,0.79,20.94,84.998,37.65,2.14,713.33,244.67,1.7,0.1,34.8,0.0025,0.236,5e-04,0.05,0.05,30.915,0.712,5e-04,0.1,149,10,0.382,4600000,4600000,27,26.73,61.38,958,16.49,2022-07-04,"2022","7","RZ-05"
19,7.1,6.98,236,1200,158.2,15.26,93.29,0.49,0.95,0.341,0.99,4.83,33,0.47,13.56,91.644,35.87,2.47,1038.89,251.11,2,0.1,47.4,0.0025,0.272,5e-04,0.05,0.05,46.146,1.471,5e-04,0.1,209,13.2,0.637,1100000,460000,28,26.43,43.56,1290,6.12,2022-07-04,"2022","7","RZ-04"
20,6.6,3.73,226,1300,116.32,13.5,95.87,0.46,2.96,0.993,0.76,5.36,33.99,0.47,18.06,96.417,35.29,1.39,1300,234,2.5,0.1,53.2,0.0025,0.282,5e-04,0.05,0.05,50.781,1.431,5e-04,0.1,221,10.1,0.378,1100000,1100000,28,27.62,50.29,1534,9.31,2022-07-04,"2022","7","RZ-03"
25,7.3,5.17,379,20,152.95,18,91.3,0.56,0.16,390,1.28,2.68,30.63,0.39,10.8,23.219,21.65,1.31,20,268,0.1,0.63,2.035,0.0025,780,5e-04,0.05,0.05,1.446,0.192,5e-04,0.1,0.0025,33.8,0.02,11000,11000,23,16.04,55.64,288,2.88,2022-07-05,"2022","7","RL-01"
17,6.7,7.42,110,3700,73.48,10.22,73.83,0.81,1.55,0.488,0.86,8.45,10,0.43,13.56,46.37,10.77,0.96,3856.25,1122.75,3,0.34,99.8,0.0025,0.764,5e-04,0.1,770,117.344,4.864,5e-04,0.107,873,10,0.205,930000,430000,20,20.4,31.84,4979,10.49,2022-08-03,"2022","8","RZ-05"
19,6.8,7.61,114,3200,79.69,9.59,79.02,0.67,1.27,0.804,1.14,9.37,10.86,0.47,14.64,42.603,9.05,0.93,4157.14,760.86,6,0.49,102,0.0025,0.78,5e-04,0.129,740,120.367,4.887,5e-04,0.121,877,10,0.226,4600000,1500000,26,18.17,24.48,4918,11.44,2022-08-03,"2022","8","RZ-04"
20,6.8,5.41,288,750,85.39,9.98,89.99,0.4,0.99,0.602,0.97,3.48,10,0.4,16.08,84.235,5.14,0.97,1050,309,2.4,0.61,43.6,0.0025,0.249,5e-04,0.05,0.05,41.778,1.469,5e-04,0.1,267,10,920,460000,460000,25,17.46,40.79,1359,5.07,2022-08-03,"2022","8","RZ-03"
21,6.6,3.99,268,1050,103.29,12.63,90.79,0.72,0.98,0.682,1.26,4.11,10,0.42,16.92,59.806,7.12,1.05,562.5,493.5,0.2,0.37,48,0.0025,0.179,5e-04,0.05,0.05,39.187,0.559,5e-04,0.1,245,10,810,46000,46000,30,17.05,32.24,1056,5.77,2022-08-03,"2022","8","RZ-02"
23,6.4,3.12,454,380,129.37,23.77,136.09,0.58,3.9,0.292,0.52,2.56,86.34,0.39,15.72,52.593,8.41,1.2,471.43,350.57,0.1,0.1,33.2,0.0025,0.247,1470,0.05,0.05,17.747,0.389,5e-04,0.1,247,39.4,700,43000,43000,23,15.73,81.59,822,6.75,2022-08-02,"2022","8","RL-02"
23,6,3.16,334,310,115.4,13.84,104.16,0.63,0.99,1.016,1.4,2.04,55.88,0.44,8.52,38.31,8.04,0.83,340.54,327.46,0.1,0.1,34.3,0.0025,0.191,5e-04,0.05,0.05,14.811,0.303,5e-04,0.1,103,23.3,540,110000,46000,25,16.14,60.69,668,4.05,2022-08-02,"2022","8","RL-01"
22,5.7,2.35,326,450,145.93,19.14,99.57,0.36,0.16,0.993,2.1,3.32,29.85,0.51,7.44,41.099,8.89,0.9,188.57,402.43,0.1,0.1,26.1,0.0025,0.136,5e-04,0.05,0.05,18.46,0.301,5e-04,0.1,0.01,20.2,430,460000,460000,27,27.3,55.12,591,4.47,2022-08-02,"2022","8","CS-01"
19,7.6,6.49,262,70,44.77,11.81,83.96,0.42,24.85,0.649,0.5,0.93,17.18,0.29,9.54,41.023,11.23,0.37,62,221,0.1,1.49,6.9,0.0025,0.129,5e-04,0.05,0.05,4.205,0.116,5e-04,0.1,3000,10,0.02,1.1e+07,1.1e+07,22,6.73,50.83,283,26.43,2022-09-20,"2022","9","RZ-05"
20,8.1,7.42,209,140,69.85,13.98,77.64,0.43,8.77,0.373,0.5,1.28,10,0.15,7.2,21.47,6.75,0.43,116,219,0.1,1.07,7.8,0.0025,0.154,5e-04,0.05,0.05,8.98,0.18,5e-04,0.1,2700,10,0.02,1500000,930000,25,5.74,40.38,335,10.42,2022-09-20,"2022","9","RZ-04"
20,7.6,5.98,225,280,91.44,14.17,81.2,0.44,9.13,0.31,0.5,1.63,10,0.1,6.9,29.438,14.22,0.64,124,379,0.3,1.15,30.6,0.0025,0.197,5e-04,0.05,0.05,16.102,0.35,5e-04,0.1,6800,10,0.03,4600000,4600000,26,8.91,42.35,503,11.07,2022-09-20,"2022","9","RZ-03"
21,7.6,6.09,206,800,91.94,16.92,78.04,0.6,24.01,0.501,0.23,2.62,10,0.1,7.62,67.753,14.14,0.9,879.49,224.51,0.5,0.46,40.8,0.0025,0.249,5e-04,0.05,0.05,40.751,0.745,5e-04,0.1,213,10,780,150000,150000,27,12.47,45.31,1104,27.13,2022-09-20,"2022","9","RZ-02"
24,7.6,3.31,614,55,153.03,40.74,136.32,0.74,6.91,0.918,2.15,2.62,90.13,0.15,9.21,49.85,16.68,1.96,69,424,0.1,0.1,7.64,5000,0.142,5e-04,0.05,0.05,3.296,0.246,5e-04,0.1,9200,63.7,0.02,460000,240000,21,14.85,90.62,493,10.45,2022-09-27,"2022","9","RL-02"
24,7.4,3,374,90,126.76,21.55,101.55,0.48,1.96,290,0.7,1.63,10,0.1,7.14,26.835,7.37,1.02,7,391,0.1,0.1,10.92,0.0025,0.115,5e-04,0.05,0.05,5.392,0.248,5e-04,0.1,4500,29.5,220,46000,46000,22,11.38,61.46,391,3.62,2022-09-27,"2022","9","RL-01"
22,7.4,2.68,339,19,125.17,19.28,112.81,0.4,4.49,2.575,1.28,3.67,10,0.15,4.35,25.838,6.58,0.57,25,219,0.1,0.1,2.425,0.0025,0.102,5e-04,0.05,0.05,1.758,0.282,5e-04,0.1,4300,16.2,0.02,1100000,460000,25,11.09,61.07,244,10.74,2022-09-27,"2022","9","CS-01"
18,7.2,7.09,219,50,74.25,16.2,77.37,0.35,3.69,0.931,0.5,1.44,10,0.19,4.2,27.888,5.14,0.56,36,204,0.1,0.1,5.32,0.0025,0.131,5e-04,0.05,0.05,3.883,850,5e-04,0.1,2700,10,0.02,4600000,4600000,22,7.96,38.01,240,6.06,2022-10-10,"2022","10","RZ-05"
18,7.5,7.56,215,65,86.62,13.35,99.1,0.59,3.45,0.343,0.5,0.72,10,0.15,3.87,26.184,5.14,0.33,58,189,0.2,0.1,1.74,0.0025,0.123,5e-04,0.05,0.05,5.519,0.142,5e-04,0.1,2700,10,0.02,240000,240000,27,6.87,40.2,247,4.51,2022-10-10,"2022","10","RZ-04"
19,7.1,6.23,173,75,92.96,13.6,93.32,0.49,3.35,0.318,0.5,0.5,10,0.14,3.36,26.639,9.01,0.36,91,191,0.1,0.1,2.09,0.0025,970,5e-04,0.05,0.05,6.353,0.16,5e-04,0.1,3200,10,0.02,93000,93000,25,7.66,45.97,282,3.67,2022-10-10,"2022","10","RZ-03"
20,7.3,4.08,270,190,108.6,19.04,91.72,0.58,3.34,0.397,0.5,2.82,10,0.15,6.51,39.311,43.51,0.51,225,225,0.4,0.1,17,0.0025,0.122,5e-04,0.05,0.05,5.23,0.363,5e-04,0.1,7400,10.1,0.03,46000,46000,31,10.94,52.14,450,6.56,2022-10-10,"2022","10","RZ-02"
24,7.3,2.7,685,45,151.44,38.33,140.46,0.87,4.54,1.246,0.9,3.23,85.28,0.14,7.35,32.227,13.39,2.72,37,427,0.1,0.15,3.96,0.0025,0.122,83000,0.05,0.05,2.519,0.32,5e-04,0.1,151,64.4,0.02,460000,240000,28,11.68,94.17,464,9.02,2022-10-03,"2022","10","RL-02"
25,7.2,3.8,759,50,127.36,18.46,110.44,0.56,1.02,340,0.5,2.58,43.19,0.11,7.83,25.962,15.09,1.46,41,304,0.1,0.49,7.82,0.0025,0.179,70000,0.05,0.05,3.353,0.243,5e-04,0.1,103,34.4,0.02,46000,46000,27,9.8,66.78,345,3.63,2022-10-03,"2022","10","RL-01"
22,7.3,2.73,734,5.4,145.57,20.83,122.09,0.39,0.98,3.455,1.2,4.07,20.26,0.23,5.52,27.961,5.14,0.78,12,234,0.1,20.26,1.18,0.0025,890,76000,0.05,0.05,0.719,0.328,5e-04,0.1,6000,22.7,0.02,1100000,1100000,27,11.38,67.18,246,8.5,2022-10-03,"2022","10","CS-01"
17,7.7,6.25,423,2.8,127.51,23.51,104.09,0.64,5.13,1.182,1.06,2.82,27.76,0.17,3.73,34.586,7.54,1.17,7,294,0.1,0.1,0.745,0.0025,710,5e-04,0.05,0.05,0.389,0.05,5e-04,0.1,3500,32.6,210,46000,24000,26,8.51,63.68,294,9.13,2022-11-17,"2022","11","RZ-05"
16,7.9,7.59,545,5.9,131.27,25.45,109.67,0.53,0.97,0.16,0.94,3.23,11.54,0.1,4.52,37.747,6.85,0.3,30,216,0.1,0.92,0.92,0.0025,960,5e-04,0.05,0.05,1.52,970,5e-04,0.1,2600,17,220,46000,24000,28,9.8,62.29,246,4.36,2022-11-17,"2022","11","RZ-04"
18,7.5,4.22,511,4.4,152.95,24.19,151.14,0.5,3.13,1.697,0.5,2.47,21.15,0.1,2.83,30.672,5.52,0.35,7,290,0.1,0.1,0.374,0.0025,820,5e-04,0.05,0.05,0.6,610,5e-04,0.1,3300,24,0.02,46000,46000,29,9.01,73.83,290,7.3,2022-11-17,"2022","11","RZ-03"
20,7.7,3.58,526,38,209.19,42.79,156.13,0.57,0.17,0.16,2.76,4.82,23.02,0.16,7.62,80.61,19.56,0.77,141,330,0.6,0.37,24,0.0025,0.96,5e-04,0.05,0.05,11.294,1.266,5e-04,0.1,185,38,730,110000,110000,31,9.31,85.57,471,5.15,2022-11-17,"2022","11","RZ-02"
20,8.2,5.6,928,26,269.96,55.22,214.75,1.56,3.45,1.294,0.5,1.94,132.1,0.13,2.41,31.515,8.76,1.63,17,621,0.1,0.1,6.34,5000,0.194,58000,0.05,0.05,1.708,0.141,5e-04,0.1,142,105,280,46000,46000,25,12.77,135.32,638,6.68,2022-11-22,"2022","11","RL-02"
21,7.8,6.8,433,27,161.17,29.92,115.45,0.68,0.21,790,0.5,0.94,40.12,0.11,2.02,24.376,10.65,0.44,42,286,0.1,0.46,9.18,0.0025,0.124,5e-04,0.05,0.05,1.998,0.102,5e-04,0.1,6300,40.9,230,460,460,27,6.93,68.06,328,1.23,2022-11-22,"2022","11","RL-01"
21,8.4,4.5,439,24,310.38,74.11,205.18,1.42,0.1,360,0.5,2.41,87.51,0.15,2.24,41.762,5.5,0.38,18,611,0.1,1.09,6.8,7100,0.194,52000,0.05,0.05,1.438,820,5e-04,0.1,124,106.3,0.02,110000,110000,28,2,115.82,629,2.45,2022-11-22,"2022","11","CS-01"
18,7.6,6.29,429,3,125.33,25.3,108.07,0.28,6.69,0.914,0.5,4.02,28.15,0.21,3.85,14.588,6.87,0.8,7,305,0.1,0.1,2.25,0.0025,0.167,5e-04,0.05,0.05,0.442,0.05,5e-04,0.1,0.0025,32.7,430,110000,46000,22,7.23,64.87,312,11.62,2022-12-07,"2022","12","RZ-05"
17,7.8,7.58,365,4.5,133.15,14.96,115.85,0.46,4.31,1.07,0.53,1.98,14.84,0.15,2.88,12.392,5.25,0.34,7,250,0.1,0.1,0.76,0.0025,0.192,5e-04,0.05,0.05,0.469,0.05,5e-04,0.1,0.0025,20.8,0.02,4600,2400,19,4.95,64.67,250,7.36,2022-12-07,"2022","12","RZ-04"
17,7.5,4.7,415,3.7,165.23,17.77,141.97,0.3,1.87,1.424,0.76,2.97,19.18,0.31,3.18,18.536,7.17,0.45,7,277,0.1,0.1,1.43,0.0025,0.185,5e-04,0.05,0.05,0.438,820,5e-04,0.1,4100,26.6,0.02,460000,240000,22,8.41,76.02,277,6.26,2022-12-07,"2022","12","RZ-03"
24,7.2,3.22,585,30,230.47,45.7,171.88,0.4,0.1,0.377,1.23,4.83,16.4,0.26,102.3,189.676,7.74,1.52,29,421,0.1,4.74,9.85,0.0025,0.221,5e-04,0.05,0.05,1.225,0.418,5e-04,0.1,2700,49.5,230,460000,460000,27,17.32,96.71,450,5.21,2022-12-07,"2022","12","RZ-02"
20,7.9,2.63,943,19,286.92,57.11,209.77,1.17,3.46,0.09,0.59,3.03,140.09,0.22,3.09,17.611,8.04,1.39,10,633,0.1,0.74,3.52,7200,0.23,5e-04,0.05,0.05,0.999,0.119,5e-04,0.1,9000,107.4,250,4600,2400,23,7.03,129.35,643,8.58,2022-12-06,"2022","12","RL-02"
21,7.4,4.61,450,27,172.26,21.17,119.44,0.55,0.16,0.121,2,2.41,63.69,0.13,2.53,8.026,6.41,0.55,29,307,0.1,0.8,15.8,0.0025,0.189,5e-04,0.05,0.05,1.67,0.129,5e-04,0.1,4400,45.9,220,1100,240,27,8.81,69.45,336,2.69,2022-12-06,"2022","12","RL-01"
22,8.1,4.58,927,22,315.37,60.9,207.38,0.97,0.1,0.02,0.88,2.68,96.29,0.15,8.48,24.003,6.38,0.5,14,600,0.1,1.65,11.3,115,0.236,5e-04,0.05,0.05,1.148,780,5e-04,0.1,8400,105.3,0.02,46000,24000,28,2,121.99,614,2.7,2022-12-06,"2022","12","CS-01"
